audb_test=#  SELECT SUMTEST (combine_set_mult_sum(val, mult) ,10,1,true)
            FROM t_s_n50_unc00_ni2_gsr50000_200000_redSz4_3__iv_red_sz_t1_ms1803787271_ts87272 where id < 3;
NOTICE:  identifier "t_s_n50_unc00_ni2_gsr50000_200000_redsz4_3__iv_red_sz_t1_ms1803787271_ts87272" will be truncated to "t_s_n50_unc00_ni2_gsr50000_200000_redsz4_3__iv_red_sz_t1_ms1803"
                                         sumtest
-----------------------------------------------------------------------------------------
 ("{""[2,51)"",""[99478,99506)"",""[187371,187441)"",""[286847,286896)""}",10,1,0,4,6,2)
(1 row)

audb_test=#  SELECT SUMTEST (combine_set_mult_sum(val, mult) ,4,1,true)
            FROM t_s_n50_unc00_ni2_gsr50000_200000_redSz4_3__iv_red_sz_t1_ms1803787271_ts87272 where id < 3;
NOTICE:  identifier "t_s_n50_unc00_ni2_gsr50000_200000_redsz4_3__iv_red_sz_t1_ms1803787271_ts87272" will be truncated to "t_s_n50_unc00_ni2_gsr50000_200000_redsz4_3__iv_red_sz_t1_ms1803"
             sumtest
----------------------------------
 ("{""[2,286896)""}",4,1,1,4,6,2)
(1 row)
